baseline,accuracy
2,0.8028042367064143
3,0.7725944609802828
4,0.7601515632684568
5,0.7524371846414888
6,0.7433128376075222
7,0.7500663688204138
