baseline,accuracy
2,0.36910721541769276
3,0.4284441014913002
4,0.4760588411201442
5,0.5137273143716939
6,0.5344483180093256
7,0.5620650072478842
