baseline,accuracy
2,0.8028042367064414
3,0.7725944609802785
4,0.7601515632684598
5,0.7524371846414944
6,0.7433128376075102
7,0.7500663688204128
